{
    "bodyTemplate3Data": {
        "type": "object",
        "objectId": "bt3Sample",
        "backgroundImage": {
            "contentDescription": null,
            "smallSourceUrl": null,
            "largeSourceUrl": null,
            "sources": [
                {
                    "url": "https://s3.amazonaws.com/user-data-bucket-csv/images/bg+new+(1).png",
                    "size": "small",
                    "widthPixels": 0,
                    "heightPixels": 0
                },
                {
                    "url": "https://s3.amazonaws.com/user-data-bucket-csv/images/bg+new+(1).png",
                    "size": "large",
                    "widthPixels": 0,
                    "heightPixels": 0
                }
            ]
        },
        "title": "-",
        "image": {
            "contentDescription": null,
            "smallSourceUrl": null,
            "largeSourceUrl": null,
            "sources": [
                {
                    "url": "-",
                    "size": "small",
                    "widthPixels": 0,
                    "heightPixels": 0
                },
                {
                    "url": "-",
                    "size": "large",
                    "widthPixels": 0,
                    "heightPixels": 0
                }
            ]
        },
        "textContent": {
            "title": {
                "type": "PlainText",
                "text": "-"
            },
            "subtitle": {
                "type": "PlainText",
                "text": ""
            },
            "primaryText": {
                "type": "PlainText",
                "text": "-"
            },
            "bulletPoint": {
                "type": "PlainText",
                "text": ""
            }
        },
        "logoUrl": "https://s3.amazonaws.com/user-data-bucket-csv/images/logo_final.png",
        "hintText": "Try, \"Alexa, tell me the score\""
    }
}