{
	"error": [
		"I don't think, I get you ",
		"I am sorry, I didn't get you ",
		"can you please repeat what you said ",
		"Sorry, one more time please",
		"I missed that, can you repeat",
		"I didn't catch that. please repeat ",
		"I didn't get that. ",
		"Pardon me, could you repeat ",
        "run that by me again ",
        "I don't think I know this word, ",
		"I don't think I can allow this word ",
		"wow! I don't know any english word like that "
	],
	"notacceptable": [
		"I don't think I know this word, ",
		"I don't think I can allow this word ",
		"wow! I don't know any english word like that "
	],
	"high_score": [
		"Congratulations ",
		"wow! ",
		"aiyo! ",
		"arrey! ",
		"awesome! ",
		"aw man! ",
		"awright! ",
		"bazinga! ",
		"cheers! ",
		"oh boy! ",
		"bada bing bada boom! ",
		"bravo!, ",
		"booya! "
	],
	"audio_cheer": [
		"<audio src='soundbank://soundlibrary/human/amzn_sfx_crowd_applause_01'/>",
		"<audio src='soundbank://soundlibrary/human/amzn_sfx_crowd_applause_02'/>",
		"<audio src='soundbank://soundlibrary/human/amzn_sfx_crowd_applause_03'/>",
		"<audio src='soundbank://soundlibrary/human/amzn_sfx_crowd_applause_04'/>",
		"<audio src='soundbank://soundlibrary/human/amzn_sfx_crowd_applause_05'/>"
	],
	"welcome_sound": [
		"<audio src='soundbank://soundlibrary/battle/amzn_sfx_army_march_clank_7x_01'/>",
		"<audio src='soundbank://soundlibrary/cartoon/amzn_sfx_boing_short_1x_01'/>",
		"<audio src='soundbank://soundlibrary/foley/amzn_sfx_clock_ticking_01'/>",
		"<audio src='soundbank://soundlibrary/foley/amzn_sfx_silverware_clank_01'/>",
		"<audio src='soundbank://soundlibrary/foley/amzn_sfx_swoosh_cartoon_fast_01'/>",
		"<audio src='soundbank://soundlibrary/foley/amzn_sfx_swoosh_fast_6x_01'/>",
		"<audio src='soundbank://soundlibrary/foley/amzn_sfx_wings_flap_fast_01'/>",
		"<audio src='soundbank://soundlibrary/foley/amzn_sfx_wooden_door_01'/>",
		"<audio src='soundbank://soundlibrary/magic/amzn_sfx_magic_blast_1x_01'/>",
		"<audio src='soundbank://soundlibrary/musical/amzn_sfx_drum_and_cymbal_02'/>",
		"<audio src='soundbank://soundlibrary/transportation/amzn_sfx_car_undo_seatbelt_02'/>",
		"<audio src='soundbank://soundlibrary/scifi/amzn_sfx_scifi_boots_walking_01'/>",
		"<audio src='soundbank://soundlibrary/scifi/amzn_sfx_scifi_door_open_02'/>"
	]
}