{
    "Welcome_first_time":"Hi welcome to word warrior, before we begain let me explain the game. In this game, I will tell you a word then you have to tell a word starting with the last alphabet of my word then I will tell a new word starting with the last alphabet of your word and so on. some key words are not allowed like help, stop, meaning, and names are not allowed. If you hear a word which you don't know say meaning to know meaning and spelling for spelling. You can know your score by saying score or high score by saying high score and say stop, to end game, So, now lets begin the game <break time=\"1s\"/> ",
    "Welcome_first_time_text":"Hi welcome to word warrior, before we begain let me explain the game. In this game, I will tell you a word then you have to tell a word starting with the last alphabet of my word then I will tell a new word starting with the last alphabet of your word and so on. some key words are not allowed like help, stop, meaning, and names are not allowed. If you hear a word which you don't know say meaning to know meaning and spelling for spelling. You can know your score by saying score or high score by saying high score, So, now lets begin the game ",
    "Welcome":"Hi Welcome back to Word warrior, so lets begain the game ",
    "WelcomeText":"Hi Welcome back to Word warrior, you can say help to know the rules ",
    "Help":"Hi welcome to word warrior, let me explain the game. In this game, I will tell you a word then you have to tell a word starting with the last alphabet of my word then I will tell a new word starting with the last alphabet of your word and so on. some key words are not allowed like help, stop, meaning, and names are not allowed. If you hear a word which you don't know say meaning to know meaning and spelling for spelling. You can know your score by saying score or high score by saying high score, and say stop, to end game, So, now lets begin the game ",
    "HelpText":"Hi welcome to word warrior, let me explain the game. In this game, I will tell you a word then you have to tell a word starting with the last alphabet of my word then I will tell a new word starting with the last alphabet of your word and so on. some key words are not allowed like help, stop, meaning, and names are not allowed. If you hear a word which you don't know say meaning to know meaning and spelling for spelling. You can know your score by saying score or high score by saying high score  and say stop, to end game, So, now lets begin the game ",
    "Goodbye":"",
    "GoodbyeText":""
}